时间,开盘,最高,最低,收盘,成交量,成交额
2025-12-01 23:00:00,53.11,53.91,52.82,53.81,19201100.0,1023420032
2025-12-01 23:30:00,53.81,53.97,53.46,53.55,6126640.0,329408000
2025-12-02 00:00:00,53.55,54.17,53.2,54.125,6537620.0,351172000
2025-12-02 00:30:00,54.12,54.16,53.55,53.927,4564870.0,246007008
2025-12-02 01:00:00,53.92,54.365,53.91,54.265,3888590.0,210732000
2025-12-02 01:30:00,54.265,54.46,54.13,54.376,2981480.0,161996992
2025-12-02 02:00:00,54.375,54.65,54.31,54.365,3105340.0,169256000
2025-12-02 02:30:00,54.37,54.58,54.342,54.44,1671720.0,91142400
2025-12-02 03:00:00,54.448,54.63,54.44,54.595,1449920.0,79165504
2025-12-02 03:30:00,54.59,54.6,53.98,54.015,3742620.0,203240992
2025-12-02 04:00:00,54.015,54.14,53.76,53.878,3926450.0,211848000
2025-12-02 04:30:00,53.86,54.13,53.83,54.05,2732840.0,147626000
2025-12-02 05:00:00,54.05,54.18,53.81,54.05,6430440.0,346272000
2025-12-02 23:00:00,54.63,55.4,54.515,55.304,16043200.0,882366976
2025-12-02 23:30:00,55.31,55.66,55.1,55.141,6428860.0,356847008
2025-12-03 00:00:00,55.14,55.76,54.88,55.617,7908560.0,437662016
2025-12-03 00:30:00,55.617,55.72,54.325,54.43,9315570.0,511799008
2025-12-03 01:00:00,54.43,54.91,54.144,54.75,7943790.0,433391008
2025-12-03 01:30:00,54.74,55.41,54.72,55.35,4565350.0,251463008
2025-12-03 02:00:00,55.358,55.47,54.721,54.722,3898050.0,215322000
2025-12-03 02:30:00,54.722,55.23,54.66,55.09,4083250.0,224636000
2025-12-03 03:00:00,55.08,55.24,54.87,55.175,3591040.0,197724992
2025-12-03 03:30:00,55.17,55.38,55.08,55.22,3301300.0,182454000
2025-12-03 04:00:00,55.22,55.59,55.18,55.525,3012020.0,166942000
2025-12-03 04:30:00,55.525,55.565,55.414,55.53,1896300.0,105250000
2025-12-03 05:00:00,55.53,55.62,55.25,55.3,7517070.0,407174016
2025-12-03 23:00:00,54.66,54.93,54.233,54.67,20728000.0,1133149952
2025-12-03 23:30:00,54.69,55.16,54.6,54.87,9667380.0,530976992
2025-12-04 00:00:00,54.87,55.36,54.695,55.095,8173880.0,450982016
2025-12-04 00:30:00,55.095,55.33,54.82,55.115,4507510.0,248308000
2025-12-04 01:00:00,55.115,55.47,54.885,55.071,4464580.0,246852000
2025-12-04 01:30:00,55.085,55.53,55.045,55.46,3608030.0,199492992
2025-12-04 02:00:00,55.45,55.565,55.32,55.495,2193650.0,121690000
2025-12-04 02:30:00,55.49,55.58,55.38,55.5,2114660.0,117363000
2025-12-04 03:00:00,55.5,55.68,55.48,55.525,2417770.0,134476992
2025-12-04 03:30:00,55.52,55.7,55.5,55.635,1978220.0,110039000
2025-12-04 04:00:00,55.635,55.8,55.595,55.77,1891830.0,105351000
2025-12-04 04:30:00,55.77,55.88,55.713,55.865,2118790.0,118271000
2025-12-04 05:00:00,55.86,55.86,55.59,55.69,5980580.0,329663008
2025-12-04 23:00:00,56.05,56.05,54.955,55.05,14912500.0,826844032
2025-12-04 23:30:00,55.05,55.33,54.82,55.278,7533870.0,415043008
2025-12-05 00:00:00,55.285,55.59,55.12,55.14,5818910.0,322124000
2025-12-05 00:30:00,55.14,55.32,54.72,55.229,5194820.0,285808992
2025-12-05 01:00:00,55.22,55.65,55.11,55.609,4063590.0,225064992
2025-12-05 01:30:00,55.609,55.66,55.32,55.345,3059840.0,169791008
2025-12-05 02:00:00,55.34,55.49,55.24,55.45,2201820.0,121963000
2025-12-05 02:30:00,55.44,55.5,55.17,55.477,2401260.0,132906000
2025-12-05 03:00:00,55.47,55.539,55.29,55.36,1815130.0,100563000
2025-12-05 03:30:00,55.36,55.41,54.61,54.89,4950440.0,272320000
2025-12-05 04:00:00,54.89,55.4,54.842,55.26,3744460.0,206826000
2025-12-05 04:30:00,55.26,55.28,55.019,55.09,2779910.0,153342000
2025-12-05 05:00:00,55.09,55.53,55.06,55.51,5481970.0,302024000
2025-12-05 23:00:00,55.865,56.66,55.83,56.57,18042100.0,1014320000
2025-12-05 23:30:00,56.57,57.08,56.42,56.88,8449670.0,480388000
2025-12-06 00:00:00,56.87,57.03,56.06,56.277,7785260.0,440480992
2025-12-06 00:30:00,56.277,56.44,55.89,55.99,7196700.0,403889984
2025-12-06 01:00:00,55.98,56.39,55.68,56.189,5750910.0,321768992
2025-12-06 01:30:00,56.18,56.24,55.92,55.96,3352640.0,187907008
2025-12-06 02:00:00,55.97,56.26,55.775,56.19,3079090.0,172448992
2025-12-06 02:30:00,56.19,56.298,56.0,56.28,2477060.0,139095008
2025-12-06 03:00:00,56.27,56.37,56.12,56.164,2574680.0,144819008
2025-12-06 03:30:00,56.164,56.26,56.04,56.14,2537260.0,142402000
2025-12-06 04:00:00,56.14,56.279,56.01,56.24,2228160.0,125041000
2025-12-06 04:30:00,56.23,56.25,56.07,56.16,2496440.0,140204000
2025-12-06 05:00:00,56.15,56.245,55.84,56.15,7235940.0,405259008
2025-12-08 23:00:00,56.575,57.04,56.15,56.29,15563200.0,881225024
2025-12-08 23:30:00,56.3,56.505,55.73,56.01,8062760.0,452672992
2025-12-09 00:00:00,56.01,56.151,55.67,55.755,5914120.0,330654016
2025-12-09 00:30:00,55.755,55.82,55.53,55.77,5710760.0,317414016
2025-12-09 01:00:00,55.76,55.81,55.55,55.6,3017170.0,167858000
2025-12-09 01:30:00,55.6,55.65,55.31,55.465,3751210.0,208130000
2025-12-09 02:00:00,55.455,55.94,55.43,55.88,4098340.0,228048000
2025-12-09 02:30:00,55.88,55.98,55.53,55.55,4401200.0,245676992
2025-12-09 03:00:00,55.55,55.62,55.12,55.29,4000180.0,221632000
2025-12-09 03:30:00,55.29,55.408,55.13,55.335,2997550.0,165643008
2025-12-09 04:00:00,55.335,55.49,55.25,55.285,2112500.0,116976000
2025-12-09 04:30:00,55.295,55.45,55.224,55.439,2127050.0,117764000
2025-12-09 05:00:00,55.439,55.805,55.275,55.8,7944230.0,440864992
2025-12-09 23:00:00,55.47,55.689,55.09,55.54,12840900.0,711987968
2025-12-09 23:30:00,55.55,55.8,55.45,55.71,5270890.0,293132992
2025-12-10 00:00:00,55.72,55.9,55.58,55.899,4224410.0,235618000
2025-12-10 00:30:00,55.899,56.06,55.86,55.925,3552030.0,198896992
2025-12-10 01:00:00,55.93,56.1,55.795,56.06,3252940.0,182140992
2025-12-10 01:30:00,56.055,56.205,55.935,56.04,2305680.0,129396000
2025-12-10 02:00:00,56.04,56.12,55.93,56.115,2776500.0,155618000
2025-12-10 02:30:00,56.115,56.2,56.02,56.16,1708330.0,95917696
2025-12-10 03:00:00,56.155,56.22,55.93,56.14,2579610.0,144738000
2025-12-10 03:30:00,56.14,56.149,55.984,56.06,2028640.0,113745000
2025-12-10 04:00:00,56.07,56.105,55.89,56.02,1761150.0,98645600
2025-12-10 04:30:00,56.02,56.085,55.95,55.98,1719520.0,96357296
2025-12-10 05:00:00,55.98,56.14,55.92,56.01,4715370.0,261096000
2025-12-10 23:00:00,55.63,55.83,55.141,55.58,15149800.0,841876992
2025-12-10 23:30:00,55.55,55.728,55.395,55.59,4216850.0,234376992
2025-12-11 00:00:00,55.59,55.63,55.04,55.145,5751960.0,317952000
2025-12-11 00:30:00,55.15,55.69,54.89,55.665,5837560.0,322691008
2025-12-11 01:00:00,55.665,55.728,55.42,55.684,3287060.0,182832000
2025-12-11 01:30:00,55.68,55.716,55.46,55.515,2050730.0,114007000
2025-12-11 02:00:00,55.515,55.88,55.471,55.78,3162460.0,176088000
2025-12-11 02:30:00,55.78,55.79,55.33,55.397,2321730.0,129070000
2025-12-11 03:00:00,55.397,55.56,55.32,55.46,3190860.0,176928992
2025-12-11 03:30:00,55.455,56.27,55.405,55.799,14216900.0,795894976
2025-12-11 04:00:00,55.8,56.88,55.45,56.815,19881800.0,1118089984
2025-12-11 04:30:00,56.815,57.09,56.57,56.895,10565200.0,600923008
2025-12-11 05:00:00,56.895,57.065,56.604,56.65,10628200.0,599939968
2025-12-11 23:00:00,55.63,55.67,54.054,54.12,26215900.0,1441740032
2025-12-11 23:30:00,54.12,55.54,53.98,55.35,13929800.0,763774976
2025-12-12 00:00:00,55.35,55.425,54.415,54.9,8716540.0,478950016
2025-12-12 00:30:00,54.9,55.11,54.415,54.49,6321680.0,346256992
2025-12-12 01:00:00,54.49,55.29,54.47,54.715,5912470.0,324263008
2025-12-12 01:30:00,54.715,55.59,54.67,55.38,5584280.0,307966016
2025-12-12 02:00:00,55.38,55.668,55.22,55.311,4297800.0,238727008
2025-12-12 02:30:00,55.311,55.65,55.242,55.502,4009230.0,222568992
2025-12-12 03:00:00,55.502,55.92,55.44,55.606,4756720.0,265064992
2025-12-12 03:30:00,55.606,56.02,55.595,55.999,3760880.0,210363008
2025-12-12 04:00:00,55.999,56.16,55.94,55.95,3297450.0,185052992
2025-12-12 04:30:00,55.95,56.07,55.85,55.865,2667170.0,149398000
2025-12-12 05:00:00,55.866,56.135,55.75,56.11,10214000.0,572790016
2025-12-12 23:00:00,55.1,55.52,54.745,55.11,19093000.0,1053040000
2025-12-12 23:30:00,55.11,55.11,53.53,53.551,14870100.0,806275008
2025-12-13 00:00:00,53.55,54.1,52.861,53.035,18041700.0,966574016
2025-12-13 00:30:00,53.035,53.27,52.33,52.93,20782900.0,1094829952
2025-12-13 01:00:00,52.93,52.93,52.23,52.61,9951920.0,522263008
2025-12-13 01:30:00,52.61,53.42,52.53,52.93,10919800.0,579185024
2025-12-13 02:00:00,52.91,53.485,52.73,53.271,6568730.0,349166016
2025-12-13 02:30:00,53.28,53.87,53.18,53.68,7322720.0,392340992
2025-12-13 03:00:00,53.68,53.71,53.25,53.27,4474690.0,239327008
2025-12-13 03:30:00,53.275,53.32,52.86,52.935,5165820.0,274140000
2025-12-13 04:00:00,52.935,53.19,52.92,53.056,3635580.0,192755008
2025-12-13 04:30:00,53.065,53.18,52.79,52.825,4159990.0,220162000
2025-12-13 05:00:00,52.83,52.91,52.41,52.82,13461600.0,711958976
2025-12-15 23:00:00,54.04,54.06,52.83,52.91,20655000.0,1104540032
2025-12-15 23:30:00,52.91,52.965,51.72,51.92,14405600.0,753507008
2025-12-16 00:00:00,51.935,52.735,51.844,52.46,11536000.0,603302976
2025-12-16 00:30:00,52.45,53.16,52.261,53.09,8151760.0,430017984
2025-12-16 01:00:00,53.09,53.129,52.24,52.515,7808010.0,410238016
2025-12-16 01:30:00,52.52,52.61,52.305,52.422,3439600.0,180418000
2025-12-16 02:00:00,52.422,52.66,52.029,52.314,5182370.0,271009984
2025-12-16 02:30:00,52.31,52.517,52.03,52.115,3631440.0,189727008
2025-12-16 03:00:00,52.11,52.55,52.0,52.45,3959960.0,206842000
2025-12-16 03:30:00,52.45,52.63,52.27,52.345,2812380.0,147482000
2025-12-16 04:00:00,52.345,52.46,52.16,52.44,3188920.0,166667008
2025-12-16 04:30:00,52.44,52.47,52.15,52.23,3711180.0,194047008
2025-12-16 05:00:00,52.24,52.28,52.0,52.02,10214600.0,529264000
2025-12-16 23:00:00,51.43,52.455,51.261,52.42,23957000.0,1242520064
2025-12-16 23:30:00,52.42,52.51,51.095,51.505,12282700.0,636828992
2025-12-17 00:00:00,51.505,52.1,51.2,51.995,9930800.0,512616992
2025-12-17 00:30:00,51.995,52.12,51.33,51.45,6801520.0,351624992
2025-12-17 01:00:00,51.45,52.095,51.33,52.065,6385240.0,329889984
2025-12-17 01:30:00,52.07,52.182,51.6,51.695,4708380.0,244643008
2025-12-17 02:00:00,51.689,51.97,51.215,51.255,4525240.0,233408000
2025-12-17 02:30:00,51.25,51.46,51.1,51.26,6072950.0,311532992
2025-12-17 03:00:00,51.28,52.16,51.265,51.95,6490110.0,336526016
2025-12-17 03:30:00,51.95,51.96,51.41,51.768,5364730.0,276904000
2025-12-17 04:00:00,51.76,52.19,51.7,51.992,4669230.0,242646000
2025-12-17 04:30:00,51.99,52.35,51.945,52.335,4371460.0,228008000
2025-12-17 05:00:00,52.335,52.768,52.321,52.33,10394300.0,540870976
2025-12-17 23:00:00,52.645,52.799,51.58,52.13,22588900.0,1179660032
2025-12-17 23:30:00,52.13,52.21,51.79,52.05,9426170.0,489648992
2025-12-18 00:00:00,52.048,52.12,50.29,50.455,18087900.0,920009984
2025-12-18 00:30:00,50.455,50.84,50.139,50.5,12423500.0,626193024
2025-12-18 01:00:00,50.51,50.51,50.0,50.32,9800120.0,491472992
2025-12-18 01:30:00,50.315,50.58,50.0,50.35,7392490.0,371156992
2025-12-18 02:00:00,50.36,50.609,50.0,50.24,5589960.0,280976992
2025-12-18 02:30:00,50.24,50.58,50.05,50.175,4956540.0,248858000
2025-12-18 03:00:00,50.167,50.209,49.7,49.838,6878940.0,343100000
2025-12-18 03:30:00,49.838,49.91,49.7,49.737,4313100.0,214363008
2025-12-18 04:00:00,49.73,50.02,49.61,49.95,5238100.0,261190000
2025-12-18 04:30:00,49.95,50.0,49.72,49.806,3592810.0,178844000
2025-12-18 05:00:00,49.806,49.913,49.37,49.4,15318700.0,764942016
2025-12-18 23:00:00,51.67,51.975,50.98,51.67,29113800.0,1495849984
2025-12-18 23:30:00,51.665,52.03,51.061,51.94,11232800.0,579068032
2025-12-19 00:00:00,51.95,52.44,51.86,52.19,9032010.0,472267008
2025-12-19 00:30:00,52.19,52.46,52.07,52.12,5905260.0,309351008
2025-12-19 01:00:00,52.12,52.455,52.105,52.31,3506540.0,183864000
2025-12-19 01:30:00,52.31,52.31,51.13,51.403,10352900.0,532979008
2025-12-19 02:00:00,51.39,52.176,51.31,52.122,7704380.0,399432992
2025-12-19 02:30:00,52.13,52.25,51.9,52.17,3236710.0,168778000
2025-12-19 03:00:00,52.17,52.4,52.01,52.045,3849740.0,201055008
2025-12-19 03:30:00,52.04,52.046,51.545,51.69,4909570.0,254148992
2025-12-19 04:00:00,51.69,51.72,51.19,51.29,5216540.0,268459008
2025-12-19 04:30:00,51.276,51.9,51.18,51.847,5540660.0,286068000
2025-12-19 05:00:00,51.847,52.05,51.52,51.51,9621240.0,491889984
2025-12-19 23:00:00,52.195,53.47,52.193,53.394,22187700.0,1172009984
2025-12-19 23:30:00,53.39,53.64,52.81,53.08,8464720.0,451344992
2025-12-20 00:00:00,53.07,53.36,52.85,52.934,5932520.0,315070016
2025-12-20 00:30:00,52.937,53.4,52.79,53.284,4502570.0,239495008
2025-12-20 01:00:00,53.29,53.42,53.0,53.065,3673130.0,195544992
2025-12-20 01:30:00,53.065,53.51,53.052,53.475,3859800.0,205914000
2025-12-20 02:00:00,53.475,53.615,53.376,53.49,2965070.0,158824992
2025-12-20 02:30:00,53.49,53.58,53.435,53.48,1902910.0,101965000
2025-12-20 03:00:00,53.48,53.505,53.303,53.355,2087290.0,111499000
2025-12-20 03:30:00,53.358,53.55,53.35,53.52,1665260.0,89068896
2025-12-20 04:00:00,53.515,53.59,53.45,53.456,1657140.0,88680000
2025-12-20 04:30:00,53.456,53.58,53.45,53.549,1900130.0,101684000
2025-12-20 05:00:00,53.54,53.61,53.34,53.52,12159600.0,644515008
2025-12-22 23:00:00,54.82,54.89,54.14,54.61,24423600.0,1330370048
2025-12-22 23:30:00,54.61,54.65,54.16,54.25,8161030.0,443356992
2025-12-23 00:00:00,54.25,54.3,53.88,54.167,7552260.0,408646016
2025-12-23 00:30:00,54.167,54.45,54.15,54.39,3932810.0,213656992
2025-12-23 01:00:00,54.39,54.405,54.25,54.405,2775200.0,150772000
2025-12-23 01:30:00,54.405,54.43,54.29,54.31,1698010.0,92285296
2025-12-23 02:00:00,54.31,54.48,54.239,54.445,2162020.0,117498000
2025-12-23 02:30:00,54.445,54.45,54.15,54.255,2583340.0,140218000
2025-12-23 03:00:00,54.255,54.32,54.185,54.24,1595630.0,86577400
2025-12-23 03:30:00,54.24,54.319,54.16,54.304,1867380.0,101297000
2025-12-23 04:00:00,54.31,54.385,54.24,54.255,1623150.0,88162800
2025-12-23 04:30:00,54.255,54.27,54.18,54.237,1412050.0,76568200
2025-12-23 05:00:00,54.24,54.32,54.18,54.25,4997100.0,267323008
2025-12-23 23:00:00,53.955,54.635,53.93,54.26,14428800.0,783635968
2025-12-23 23:30:00,54.27,54.279,53.86,54.15,8308770.0,448892000
2025-12-24 00:00:00,54.161,54.566,54.151,54.505,3810050.0,207192992
2025-12-24 00:30:00,54.505,54.64,54.48,54.575,2590890.0,141484992
2025-12-24 01:00:00,54.575,54.79,54.51,54.765,2500460.0,136663008
2025-12-24 01:30:00,54.765,54.8,54.7,54.724,1674120.0,91698496
2025-12-24 02:00:00,54.724,54.77,54.625,54.645,1498190.0,81926600
2025-12-24 02:30:00,54.645,54.81,54.635,54.754,1496860.0,81948800
2025-12-24 03:00:00,54.754,54.805,54.735,54.77,930925.0,50965100
2025-12-24 03:30:00,54.77,54.88,54.76,54.86,1308920.0,71729104
2025-12-24 04:00:00,54.855,54.94,54.82,54.92,1355840.0,74409000
2025-12-24 04:30:00,54.92,54.97,54.904,54.926,1518350.0,83401504
2025-12-24 05:00:00,54.925,55.07,54.89,55.01,6774910.0,371449984
2025-12-24 23:00:00,54.86,55.065,54.78,54.95,8305550.0,456088000
2025-12-24 23:30:00,54.949,55.14,54.91,54.985,3401950.0,187166000
2025-12-25 00:00:00,54.985,55.08,54.94,55.061,1970220.0,108414000
2025-12-25 00:30:00,55.061,55.24,55.06,55.215,2522780.0,139191008
2025-12-25 01:00:00,55.219,55.41,55.19,55.355,2853340.0,157996992
2025-12-25 01:30:00,55.355,55.39,55.281,55.35,2041860.0,112978000
2025-12-25 02:00:00,55.35,55.45,55.282,55.36,4759300.0,262647008
2025-12-26 23:00:00,55.52,55.745,55.304,55.41,9558580.0,530739008
2025-12-26 23:30:00,55.4,55.45,55.11,55.438,5779370.0,319408000
2025-12-27 00:00:00,55.438,55.57,55.37,55.538,3176850.0,176203008
2025-12-27 00:30:00,55.538,55.6,55.26,55.42,2596890.0,143936000
2025-12-27 01:00:00,55.425,55.47,55.36,55.365,1520610.0,84267904
2025-12-27 01:30:00,55.365,55.41,55.21,55.405,1878010.0,103821000
2025-12-27 02:00:00,55.4,55.42,55.27,55.35,1458190.0,80691400
2025-12-27 02:30:00,55.35,55.42,55.24,55.346,1822510.0,100888000
2025-12-27 03:00:00,55.34,55.48,55.33,55.475,1502030.0,83219696
2025-12-27 03:30:00,55.475,55.52,55.39,55.4,1060090.0,58793000
2025-12-27 04:00:00,55.4,55.5,55.36,55.462,1069740.0,59295000
2025-12-27 04:30:00,55.462,55.478,55.322,55.355,1327590.0,73518896
2025-12-27 05:00:00,55.355,55.39,55.245,55.31,4493750.0,246971008
2025-12-29 23:00:00,54.26,54.991,54.02,54.39,16877900.0,919881024
2025-12-29 23:30:00,54.39,54.565,54.01,54.54,5088760.0,276241984
2025-12-30 00:00:00,54.535,54.71,54.09,54.26,4022590.0,218868000
2025-12-30 00:30:00,54.26,54.36,54.125,54.28,3952760.0,214310000
2025-12-30 01:00:00,54.28,54.36,54.135,54.23,2233210.0,121147000
2025-12-30 01:30:00,54.23,54.3,53.92,53.991,2798710.0,151448000
2025-12-30 02:00:00,53.991,54.29,53.97,54.255,2700130.0,146138000
2025-12-30 02:30:00,54.25,54.32,54.13,54.269,1669710.0,90520800
2025-12-30 03:00:00,54.269,54.44,54.19,54.215,1591180.0,86433400
2025-12-30 03:30:00,54.22,54.33,54.154,54.325,1281350.0,69486096
2025-12-30 04:00:00,54.325,54.71,54.31,54.656,2369040.0,129141000
2025-12-30 04:30:00,54.66,54.66,54.55,54.55,1479760.0,80780400
2025-12-30 05:00:00,54.55,54.609,54.419,54.49,4570130.0,249440000
2025-12-30 23:00:00,54.2,54.71,54.085,54.599,10071000.0,547433024
2025-12-30 23:30:00,54.59,54.62,54.145,54.23,3476510.0,188832992
2025-12-31 00:00:00,54.23,54.58,54.14,54.53,3980500.0,216222000
2025-12-31 00:30:00,54.53,54.818,54.49,54.697,3412020.0,186472000
2025-12-31 01:00:00,54.697,54.71,54.35,54.37,2127050.0,115965000
2025-12-31 01:30:00,54.362,54.4,54.25,54.385,1766880.0,96026800
2025-12-31 02:00:00,54.385,54.486,54.33,54.433,1770370.0,96343904
2025-12-31 02:30:00,54.433,54.49,54.3,54.48,1907320.0,103778000
2025-12-31 03:00:00,54.47,54.516,54.363,54.447,1090270.0,59357500
2025-12-31 03:30:00,54.447,54.509,54.33,54.46,1370100.0,74585600
2025-12-31 04:00:00,54.46,54.493,54.28,54.325,1101400.0,59882700
2025-12-31 04:30:00,54.325,54.37,54.14,54.29,2176430.0,118110000
2025-12-31 05:00:00,54.29,54.336,54.04,54.1,4727010.0,248432000
2025-12-31 23:00:00,54.125,54.2,53.52,53.685,13240000.0,712611008
2025-12-31 23:30:00,53.68,53.745,53.44,53.655,4734860.0,253780000
2026-01-01 00:00:00,53.655,53.695,53.284,53.365,4409930.0,235828000
2026-01-01 00:30:00,53.365,53.63,53.35,53.625,3184490.0,170232000
2026-01-01 01:00:00,53.625,53.684,53.46,53.665,2435350.0,130395000
2026-01-01 01:30:00,53.67,53.68,53.44,53.555,2057960.0,110159000
2026-01-01 02:00:00,53.555,53.667,53.462,53.525,1514370.0,81110304
2026-01-01 02:30:00,53.525,53.66,53.472,53.659,1907770.0,102215000
2026-01-01 03:00:00,53.659,53.81,53.613,53.723,2646120.0,142186000
2026-01-01 03:30:00,53.723,53.85,53.51,53.52,1913230.0,102710000
2026-01-01 04:00:00,53.52,53.545,53.22,53.245,4110000.0,219183008
2026-01-01 04:30:00,53.245,53.265,52.83,52.87,5820590.0,308584000
2026-01-01 05:00:00,52.87,53.1,52.64,52.72,9224730.0,479532992
2026-01-02 23:00:00,54.158,54.875,53.88,54.445,21014200.0,1141240064
2026-01-02 23:30:00,54.45,54.73,52.761,52.97,14338400.0,767432000
2026-01-03 00:00:00,52.97,53.66,52.17,52.26,16420100.0,869134016
2026-01-03 00:30:00,52.26,52.47,51.77,52.29,12869100.0,670580992
2026-01-03 01:00:00,52.29,52.59,51.835,52.077,7277920.0,379260000
2026-01-03 01:30:00,52.07,52.45,51.925,52.359,4228380.0,220315008
2026-01-03 02:00:00,52.359,52.44,51.9,51.97,4039260.0,210287008
2026-01-03 02:30:00,51.97,52.219,51.875,52.028,2919760.0,151694000
2026-01-03 03:00:00,52.03,52.14,51.61,51.795,3645350.0,188620992
2026-01-03 03:30:00,51.795,52.555,51.75,52.5,4722510.0,246142000
2026-01-03 04:00:00,52.5,52.78,52.36,52.44,4986330.0,262216000
2026-01-03 04:30:00,52.43,52.75,52.37,52.64,2816520.0,148032992
2026-01-03 05:00:00,52.64,52.68,52.24,52.35,7948800.0,419119008
2026-01-05 23:00:00,53.95,54.12,53.295,53.64,25278500.0,1355789952
2026-01-05 23:30:00,53.64,54.18,53.465,54.115,11939400.0,643918976
2026-01-06 00:00:00,54.115,54.225,53.89,54.07,5446100.0,294532000
2026-01-06 00:30:00,54.07,54.268,53.99,54.18,4261010.0,230839008
2026-01-06 01:00:00,54.18,54.33,54.022,54.032,3496060.0,189414000
2026-01-06 01:30:00,54.041,54.13,53.78,53.85,4387690.0,236760000
2026-01-06 02:00:00,53.851,53.899,53.721,53.841,2692980.0,144904000
2026-01-06 02:30:00,53.84,53.88,53.41,53.71,3852970.0,206508992
2026-01-06 03:00:00,53.71,53.84,53.61,53.76,2271220.0,122076000
2026-01-06 03:30:00,53.757,53.79,53.58,53.59,1906340.0,102352000
2026-01-06 04:00:00,53.59,53.62,53.36,53.535,3170420.0,169626000
2026-01-06 04:30:00,53.535,53.71,53.47,53.685,2442460.0,130964000
2026-01-06 05:00:00,53.685,53.76,53.479,53.6,6822950.0,364299008
2026-01-06 23:00:00,53.92,54.69,53.74,54.63,18162000.0,983486016
2026-01-06 23:30:00,54.64,54.79,54.47,54.76,6992320.0,382648000
2026-01-07 00:00:00,54.76,54.76,54.15,54.24,6400880.0,348665984
2026-01-07 00:30:00,54.24,54.369,53.93,54.18,6642260.0,359392992
2026-01-07 01:00:00,54.18,54.32,54.06,54.284,4343810.0,235488992
2026-01-07 01:30:00,54.29,54.581,54.15,54.52,3460880.0,188316000
2026-01-07 02:00:00,54.52,54.839,54.52,54.675,3437820.0,188104000
2026-01-07 02:30:00,54.68,54.8,54.59,54.675,2326140.0,127234000
2026-01-07 03:00:00,54.675,54.96,54.61,54.955,2367640.0,129858000
2026-01-07 03:30:00,54.955,55.01,54.89,54.98,2382590.0,130926000
2026-01-07 04:00:00,54.98,55.06,54.96,54.975,1674870.0,92068800
2026-01-07 04:30:00,54.975,55.07,54.93,54.997,2527400.0,138912992
2026-01-07 05:00:00,54.99,55.165,54.97,55.01,8197180.0,450520992
2026-01-07 23:00:00,54.897,55.45,54.771,55.3,15208400.0,838187008
2026-01-07 23:30:00,55.3,55.425,55.03,55.37,6574330.0,363172000
2026-01-08 00:00:00,55.37,55.65,55.02,55.616,7552830.0,418505984
2026-01-08 00:30:00,55.616,55.76,55.45,55.55,3650860.0,203260992
2026-01-08 01:00:00,55.55,56.03,55.52,56.02,4435560.0,247700000
2026-01-08 01:30:00,56.025,56.15,55.981,56.119,3627810.0,203588000
2026-01-08 02:00:00,56.119,56.19,55.97,56.04,2707610.0,151943008
2026-01-08 02:30:00,56.04,56.04,55.75,55.78,2666470.0,149252992
2026-01-08 03:00:00,55.78,56.085,55.77,55.932,2729820.0,152935008
2026-01-08 03:30:00,55.94,55.94,55.53,55.58,2884030.0,160646000
2026-01-08 04:00:00,55.58,55.725,55.54,55.601,2238290.0,124591000
2026-01-08 04:30:00,55.601,55.67,55.29,55.34,3146460.0,174472992
2026-01-08 05:00:00,55.34,55.342,55.05,55.17,8165870.0,440742016
2026-01-08 23:00:00,54.865,54.98,53.66,53.72,21542300.0,1167820032
2026-01-08 23:30:00,53.72,54.401,53.495,54.305,11533900.0,622430016
2026-01-09 00:00:00,54.305,54.358,53.75,54.22,6792250.0,367015008
2026-01-09 00:30:00,54.225,54.226,53.77,53.831,5210760.0,281176992
2026-01-09 01:00:00,53.831,54.18,53.58,54.125,6387100.0,344220000
2026-01-09 01:30:00,54.125,54.18,53.841,53.91,3391000.0,183112992
2026-01-09 02:00:00,53.91,54.33,53.9,54.18,3876810.0,210100992
2026-01-09 02:30:00,54.189,54.206,53.8,54.045,4319710.0,233274000
2026-01-09 03:00:00,54.05,54.16,53.838,53.878,2641160.0,142644000
2026-01-09 03:30:00,53.878,54.04,53.652,53.835,4133960.0,222623008
2026-01-09 04:00:00,53.84,53.96,53.75,53.887,2909740.0,156662000
2026-01-09 04:30:00,53.885,54.195,53.833,54.145,3589520.0,193779008
2026-01-09 05:00:00,54.15,54.29,54.082,54.19,7432080.0,399568992
2026-01-09 23:00:00,54.39,54.877,53.995,54.55,20629000.0,1124150016
2026-01-09 23:30:00,54.55,55.31,53.79,55.26,14007900.0,764694016
2026-01-10 00:00:00,55.26,55.43,54.7,55.015,8679580.0,478526016
2026-01-10 00:30:00,55.02,55.565,55.02,55.33,6016830.0,333456992
2026-01-10 01:00:00,55.32,55.69,55.215,55.625,4410450.0,244854000
2026-01-10 01:30:00,55.625,55.72,55.47,55.645,3053180.0,170086000
2026-01-10 02:00:00,55.64,55.78,55.585,55.707,2679660.0,149298000
2026-01-10 02:30:00,55.707,55.71,55.45,55.618,2725660.0,151527008
2026-01-10 03:00:00,55.62,55.98,55.61,55.96,2892670.0,161466000
2026-01-10 03:30:00,55.96,55.98,55.86,55.925,1863010.0,104236000
2026-01-10 04:00:00,55.93,56.02,55.89,55.89,2286230.0,127872000
2026-01-10 04:30:00,55.89,56.1,55.87,55.985,2306840.0,129057000
2026-01-10 05:00:00,55.985,56.02,55.764,55.76,7155280.0,393468000
2026-01-12 23:00:00,54.6,55.722,54.59,55.584,20161000.0,1111149952
2026-01-12 23:30:00,55.585,55.784,55.36,55.71,5880840.0,326956000
2026-01-13 00:00:00,55.71,55.72,55.34,55.675,4339700.0,241123008
2026-01-13 00:30:00,55.671,55.958,55.58,55.835,4202880.0,234648000
2026-01-13 01:00:00,55.839,56.009,55.71,55.95,3185160.0,177946000
2026-01-13 01:30:00,55.95,56.04,55.88,55.962,2242470.0,125559000
2026-01-13 02:00:00,55.97,56.03,55.81,56.008,1944330.0,108900000
2026-01-13 02:30:00,56.008,56.19,55.98,56.145,2581670.0,144915008
2026-01-13 03:00:00,56.145,56.17,56.04,56.07,1648340.0,92626896
2026-01-13 03:30:00,56.07,56.23,55.962,56.188,2322190.0,130222000
2026-01-13 04:00:00,56.188,56.32,56.186,56.31,2689660.0,151464992
2026-01-13 04:30:00,56.31,56.34,56.12,56.156,2169550.0,122031000
2026-01-13 05:00:00,56.156,56.19,55.91,55.89,6308200.0,349791008
2026-01-13 23:00:00,55.895,56.5,55.79,55.9,21566300.0,1209149952
2026-01-13 23:30:00,55.9,56.02,55.025,55.215,11869700.0,658769024
2026-01-14 00:00:00,55.21,55.61,55.01,55.555,8023170.0,443070016
2026-01-14 00:30:00,55.555,55.74,55.25,55.62,5372770.0,298651008
2026-01-14 01:00:00,55.62,56.38,55.55,56.265,6104040.0,342364000
2026-01-14 01:30:00,56.265,56.32,55.85,56.005,4127100.0,231692000
2026-01-14 02:00:00,56.005,56.07,55.3,55.425,5321100.0,296580992
2026-01-14 02:30:00,55.42,55.65,55.26,55.43,4584010.0,254043008
2026-01-14 03:00:00,55.41,55.6,55.155,55.195,3316500.0,183446000
2026-01-14 03:30:00,55.19,55.38,55.07,55.361,3984960.0,219962000
2026-01-14 04:00:00,55.361,55.49,55.22,55.37,2230850.0,123413000
2026-01-14 04:30:00,55.365,55.368,55.095,55.1,2932280.0,161944000
2026-01-14 05:00:00,55.1,55.64,54.96,55.6,9178140.0,504928000
2026-01-14 23:00:00,54.54,54.88,53.546,53.57,27038300.0,1467440000
2026-01-14 23:30:00,53.565,54.23,53.22,53.735,17742500.0,951990976
2026-01-15 00:00:00,53.73,53.86,52.821,52.96,11288500.0,600521024
2026-01-15 00:30:00,52.965,53.57,52.93,53.5,6175410.0,328153984
2026-01-15 01:00:00,53.497,53.59,52.63,52.768,7979810.0,422560992
2026-01-15 01:30:00,52.75,53.04,52.6,52.961,5849860.0,308335008
2026-01-15 02:00:00,52.961,53.06,52.59,52.69,5323260.0,280459008
2026-01-15 02:30:00,52.685,53.0,52.653,52.99,4036870.0,213192000
2026-01-15 03:00:00,52.99,53.165,52.5,53.1,5296150.0,279257984
2026-01-15 03:30:00,53.1,53.16,52.91,53.08,3569460.0,189082000
2026-01-15 04:00:00,53.08,53.219,52.955,52.99,3350360.0,177763008
2026-01-15 04:30:00,53.005,53.591,52.76,53.4,7995280.0,425955008
2026-01-15 05:00:00,53.405,53.855,53.395,53.83,11775800.0,635329984
2026-01-15 23:00:00,55.648,55.83,55.14,55.28,29268500.0,1621190016
2026-01-15 23:30:00,55.26,55.59,55.13,55.278,7962230.0,440470016
2026-01-16 00:00:00,55.28,55.66,54.92,55.42,9844940.0,543843008
2026-01-16 00:30:00,55.42,55.7,55.38,55.54,4978610.0,276680992
2026-01-16 01:00:00,55.54,55.735,55.4,55.665,3054910.0,169934000
2026-01-16 01:30:00,55.66,55.75,55.37,55.395,2930800.0,163048000
2026-01-16 02:00:00,55.39,55.49,55.2,55.225,3410690.0,188776992
2026-01-16 02:30:00,55.225,55.51,55.21,55.5,2498430.0,138428992
2026-01-16 03:00:00,55.5,55.58,55.39,55.43,1995100.0,110722000
2026-01-16 03:30:00,55.43,55.43,54.84,54.898,4838100.0,266564992
2026-01-16 04:00:00,54.898,54.92,54.55,54.62,5248190.0,286916000
2026-01-16 04:30:00,54.615,54.705,54.205,54.375,5346620.0,290824992
2026-01-16 05:00:00,54.375,54.43,54.13,54.38,9105830.0,488468000
2026-01-16 23:00:00,55.32,55.46,54.44,54.46,16206600.0,892451968
2026-01-16 23:30:00,54.46,54.68,54.05,54.078,9998280.0,542552000
2026-01-17 00:00:00,54.07,54.155,53.58,54.15,9772900.0,525356000
2026-01-17 00:30:00,54.135,54.38,54.02,54.365,5990390.0,324545984
2026-01-17 01:00:00,54.365,54.58,54.175,54.356,5886010.0,320384000
2026-01-17 01:30:00,54.35,54.38,54.22,54.258,3123790.0,169635008
2026-01-17 02:00:00,54.24,54.33,53.983,53.995,3271270.0,177179008
2026-01-17 02:30:00,53.99,54.43,53.961,54.37,3431330.0,186084000
2026-01-17 03:00:00,54.37,54.45,54.31,54.345,1592240.0,86565600
2026-01-17 03:30:00,54.34,54.55,54.07,54.13,3883480.0,210796000
2026-01-17 04:00:00,54.13,54.425,54.12,54.351,3114400.0,169096000
2026-01-17 04:30:00,54.34,54.426,54.27,54.318,2477000.0,134628000
2026-01-17 05:00:00,54.31,54.38,54.12,54.14,7108270.0,386184000
2026-01-20 23:00:00,51.39,52.18,51.335,51.92,37669500.0,1945309952
2026-01-20 23:30:00,51.89,52.16,51.48,52.148,10095800.0,523180992
2026-01-21 00:00:00,52.145,52.494,51.85,52.16,9031710.0,472464992
2026-01-21 00:30:00,52.16,52.56,51.97,52.41,6367640.0,333467008
2026-01-21 01:00:00,52.41,52.56,51.985,52.38,7158700.0,374760992
2026-01-21 01:30:00,52.36,52.42,51.93,52.0,6332390.0,330512992
2026-01-21 02:00:00,52.0,52.0,51.495,51.714,5961420.0,308199008
2026-01-21 02:30:00,51.71,51.82,51.413,51.43,4157010.0,214386000
2026-01-21 03:00:00,51.43,51.47,50.945,51.125,8214020.0,419779008
2026-01-21 03:30:00,51.12,51.28,50.805,50.88,6296110.0,320710016
2026-01-21 04:00:00,50.88,50.99,50.67,50.93,6914880.0,350697984
2026-01-21 04:30:00,50.93,50.93,50.58,50.665,6503950.0,329748992
2026-01-21 05:00:00,50.665,50.757,50.475,50.73,14516800.0,727947008
2026-01-21 23:00:00,51.075,51.935,50.67,51.86,32380200.0,1652589952
2026-01-21 23:30:00,51.86,52.22,51.675,52.175,10765500.0,560201024
2026-01-22 00:00:00,52.175,52.825,52.175,52.72,8729930.0,460396000
2026-01-22 00:30:00,52.71,52.85,52.55,52.635,6860390.0,362704000
2026-01-22 01:00:00,52.64,52.65,51.23,51.285,12051400.0,624548992
2026-01-22 01:30:00,51.28,51.479,50.76,51.15,10043900.0,512721984
2026-01-22 02:00:00,51.149,51.47,50.921,51.38,6332720.0,323686016
2026-01-22 02:30:00,51.38,51.415,50.81,51.31,5956890.0,304304000
2026-01-22 03:00:00,51.31,51.669,51.13,51.597,5029750.0,258371008
2026-01-22 03:30:00,51.597,52.64,51.3,52.471,7365660.0,381664000
2026-01-22 04:00:00,52.471,53.75,52.42,53.72,19693600.0,1046630016
2026-01-22 04:30:00,53.725,53.8,52.8,52.81,10670000.0,569462016
2026-01-22 05:00:00,52.81,52.99,52.575,52.73,14350100.0,745489024
2026-01-22 23:00:00,54.315,54.318,53.245,53.41,27046200.0,1455629952
2026-01-22 23:30:00,53.41,53.6,53.15,53.495,12745900.0,678918976
2026-01-23 00:00:00,53.49,53.9,53.364,53.565,8027040.0,430879008
2026-01-23 00:30:00,53.57,54.058,53.555,53.98,5663080.0,304999008
2026-01-23 01:00:00,53.98,54.15,53.9,53.95,3776240.0,204159008
2026-01-23 01:30:00,53.95,54.11,53.85,54.02,3493560.0,188771008
2026-01-23 02:00:00,54.02,54.28,54.02,54.22,2828830.0,153304992
2026-01-23 02:30:00,54.22,54.27,54.04,54.14,4196600.0,227430000
2026-01-23 03:00:00,54.14,54.2,53.94,53.985,2845760.0,154072000
2026-01-23 03:30:00,53.98,54.24,53.971,54.205,3173690.0,171820992
2026-01-23 04:00:00,54.205,54.225,53.74,53.78,2849560.0,153962000
2026-01-23 04:30:00,53.77,53.93,53.585,53.585,4109800.0,221006000
2026-01-23 05:00:00,53.58,53.92,53.44,53.9,10235900.0,546888000
2026-01-23 23:00:00,53.58,53.96,53.32,53.96,19722000.0,1057420032
2026-01-23 23:30:00,53.96,54.57,53.96,54.465,9032530.0,490776000
2026-01-24 00:00:00,54.465,54.96,54.46,54.955,6528970.0,357662016
2026-01-24 00:30:00,54.955,55.07,54.661,54.74,6122750.0,336296992
2026-01-24 01:00:00,54.73,54.96,54.545,54.715,5162890.0,283376000
2026-01-24 01:30:00,54.72,54.84,54.575,54.778,2940170.0,161155008
2026-01-24 02:00:00,54.78,54.79,54.07,54.128,5508750.0,299500992
2026-01-24 02:30:00,54.13,54.575,54.11,54.505,4083220.0,222096992
2026-01-24 03:00:00,54.505,54.57,54.26,54.338,2821350.0,153578000
2026-01-24 03:30:00,54.338,54.64,54.33,54.46,2724790.0,148660992
2026-01-24 04:00:00,54.46,54.54,54.3,54.47,2108090.0,114801000
2026-01-24 04:30:00,54.47,54.49,54.12,54.24,3542790.0,192468000
2026-01-24 05:00:00,54.24,54.51,54.15,54.38,7767730.0,418475008
2026-01-26 23:00:00,54.478,55.14,54.21,55.04,16538900.0,903664000
2026-01-26 23:30:00,55.04,55.34,54.81,55.09,6085610.0,335584992
2026-01-27 00:00:00,55.09,55.42,55.015,55.31,5135600.0,283760000
2026-01-27 00:30:00,55.31,55.479,55.125,55.455,4257110.0,235692992
2026-01-27 01:00:00,55.46,55.6,55.35,55.466,3406590.0,189002000
2026-01-27 01:30:00,55.466,55.63,55.45,55.505,2218330.0,123311000
2026-01-27 02:00:00,55.505,55.525,55.31,55.37,2872920.0,159398000
2026-01-27 02:30:00,55.37,55.52,55.26,55.47,2310320.0,128027000
2026-01-27 03:00:00,55.47,55.625,55.34,55.425,2433420.0,135064992
2026-01-27 03:30:00,55.425,55.519,55.34,55.439,1992430.0,110580000
2026-01-27 04:00:00,55.431,55.5,55.3,55.3,1936570.0,107315000
2026-01-27 04:30:00,55.305,55.37,55.23,55.32,2116440.0,117063000
2026-01-27 05:00:00,55.318,55.41,55.06,55.08,6780060.0,368302016
2026-01-27 23:00:00,55.962,56.445,55.563,56.41,15672300.0,877937984
2026-01-27 23:30:00,56.42,56.54,56.22,56.35,7152950.0,403864000
2026-01-28 00:00:00,56.35,56.69,56.33,56.575,4324210.0,244618000
2026-01-28 00:30:00,56.57,56.75,56.54,56.645,2839210.0,160854000
2026-01-28 01:00:00,56.65,56.701,56.56,56.58,2373640.0,134507008
2026-01-28 01:30:00,56.58,56.638,56.395,56.6,2750040.0,155472000
2026-01-28 02:00:00,56.608,56.655,56.443,56.462,1903200.0,107623000
2026-01-28 02:30:00,56.47,56.62,56.321,56.565,1970550.0,111302000
2026-01-28 03:00:00,56.565,56.69,56.56,56.656,1482370.0,83932304
2026-01-28 03:30:00,56.655,56.68,56.55,56.665,1186730.0,67179696
2026-01-28 04:00:00,56.665,56.71,56.573,56.667,1563360.0,88543296
2026-01-28 04:30:00,56.66,56.8,56.61,56.695,2182800.0,123822000
2026-01-28 05:00:00,56.69,56.72,56.51,56.54,6579900.0,368599008
2026-01-28 23:00:00,57.7,58.01,57.46,57.72,17946700.0,1037270016
2026-01-28 23:30:00,57.72,57.788,57.43,57.515,5407330.0,311436000
2026-01-29 00:00:00,57.515,57.6,57.11,57.132,5649930.0,323579008
2026-01-29 00:30:00,57.132,57.37,57.045,57.26,3943450.0,225390000
2026-01-29 01:00:00,57.26,57.27,56.73,56.84,3771780.0,214539008
2026-01-29 01:30:00,56.839,57.14,56.82,56.908,3762880.0,214255008
2026-01-29 02:00:00,56.905,57.15,56.8,56.991,2345870.0,133546000
2026-01-29 02:30:00,56.99,57.19,56.875,57.13,2245080.0,128092000
2026-01-29 03:00:00,57.13,57.25,57.03,57.18,2134010.0,121876000
2026-01-29 03:30:00,57.175,57.35,56.83,56.874,5029850.0,286838016
2026-01-29 04:00:00,56.874,57.44,56.81,57.112,8339180.0,476547008
2026-01-29 04:30:00,57.115,57.45,57.07,57.21,3589090.0,205736000
2026-01-29 05:00:00,57.205,57.291,56.94,57.06,12007000.0,682139008
2026-01-29 23:00:00,56.94,57.21,55.16,55.185,22365100.0,1257289984
2026-01-29 23:30:00,55.2,55.22,54.253,54.365,16036200.0,873944000
2026-01-30 00:00:00,54.365,54.477,53.06,53.315,16540100.0,886921984
2026-01-30 00:30:00,53.32,54.22,53.08,54.04,12191400.0,653961024
2026-01-30 00:57:00,54.03,54.381,53.92,54.13,7361810.0,399143008
2026-01-30 01:00:00,54.03,54.381,53.92,54.208,8072770.0,437593984
2026-01-30 01:30:00,54.2,55.12,54.19,55.035,8457330.0,462760000
2026-01-30 02:00:00,55.035,55.29,54.45,54.512,6744450.0,370118016
2026-01-30 02:30:00,54.512,55.175,54.512,55.105,5447960.0,299406016
2026-01-30 03:00:00,55.105,55.37,54.913,55.025,4180830.0,230734000
2026-01-30 03:30:00,55.025,55.42,54.92,55.3,3306820.0,182751008
2026-01-30 04:00:00,55.3,55.345,55.0,55.1,3515350.0,193814000
2026-01-30 04:30:00,55.1,55.31,55.055,55.122,2689550.0,148290000
2026-01-30 05:00:00,55.122,56.21,55.08,56.04,13094400.0,735169024
2026-01-30 23:00:00,55.03,55.71,54.86,54.98,20547500.0,1134349952
2026-01-30 23:30:00,54.98,55.61,54.76,54.77,10142600.0,559905984
2026-01-31 00:00:00,54.77,55.67,54.62,55.08,9140630.0,504879008
2026-01-31 00:30:00,55.08,55.25,54.51,54.785,7781110.0,426575008
2026-01-31 01:00:00,54.795,55.182,54.45,54.535,6485990.0,355360000
2026-01-31 01:30:00,54.54,54.74,54.071,54.69,7841190.0,425361984
2026-01-31 02:00:00,54.68,54.77,54.03,54.035,4679420.0,254423008
2026-01-31 02:30:00,54.035,54.25,53.32,53.979,7662730.0,411881984
2026-01-31 03:00:00,53.988,54.62,53.52,54.428,6607780.0,356518016
2026-01-31 03:30:00,54.428,54.68,54.25,54.267,5019530.0,273248000
2026-01-31 04:00:00,54.25,54.4,53.86,53.89,6152100.0,332737984
2026-01-31 04:30:00,53.89,54.04,53.325,53.487,5890940.0,314868992
2026-01-31 05:00:00,53.485,54.34,53.45,54.0,12219200.0,659579008
2026-02-02 23:00:00,53.16,54.78,53.16,54.45,25538200.0,1371709952
2026-02-02 23:30:00,54.44,55.47,54.361,55.185,9330790.0,514984000
2026-02-03 00:00:00,55.185,55.44,54.87,55.03,6225870.0,344671008
2026-02-03 00:30:00,55.02,55.38,54.79,55.355,4424850.0,244326000
2026-02-03 01:00:00,55.35,55.41,55.0,55.37,3311250.0,183116992
2026-02-03 01:30:00,55.36,55.55,55.33,55.5,3246610.0,180374000
2026-02-03 02:00:00,55.5,55.66,55.41,55.56,2166120.0,120350000
2026-02-03 02:30:00,55.558,55.63,55.39,55.48,1855990.0,103339000
2026-02-03 03:00:00,55.48,55.71,55.45,55.667,2016470.0,112221000
2026-02-03 03:30:00,55.667,55.685,55.52,55.545,1624970.0,90540400
2026-02-03 04:00:00,55.545,55.545,55.04,55.06,2663110.0,147651008
2026-02-03 04:30:00,55.06,55.41,54.915,55.183,4077540.0,225306000
2026-02-03 05:00:00,55.18,55.207,54.971,55.1,8183970.0,431025984
2026-02-03 23:00:00,55.64,55.757,53.66,53.72,21267200.0,1166599936
2026-02-03 23:30:00,53.72,53.809,52.695,53.179,16258000.0,865377984
2026-02-04 00:00:00,53.17,53.72,52.76,53.617,10437300.0,555046976
2026-02-04 00:30:00,53.63,53.63,52.84,52.84,7296940.0,387860000
2026-02-04 01:00:00,52.851,53.1,52.67,52.825,6600430.0,349252992
2026-02-04 01:30:00,52.825,52.889,52.25,52.338,8118080.0,426233984
2026-02-04 02:00:00,52.338,52.41,51.88,52.15,7912470.0,411451008
2026-02-04 02:30:00,52.15,52.38,51.68,51.804,6870200.0,356382016
2026-02-04 03:00:00,51.8,51.8,51.25,51.252,5838880.0,300492000
2026-02-04 03:30:00,51.25,51.978,51.08,51.56,10783400.0,554425984
2026-02-04 04:00:00,51.56,51.78,51.18,51.705,8079030.0,416236992
2026-02-04 04:30:00,51.7,51.878,51.4,51.795,7019960.0,362128000
2026-02-04 05:00:00,51.795,52.59,51.792,52.52,13510200.0,711144000
2026-02-04 23:00:00,52.09,52.15,50.91,50.97,20641700.0,1067870016
2026-02-04 23:30:00,50.97,51.66,50.43,51.293,13720700.0,699542016
2026-02-05 00:00:00,51.28,51.44,50.505,50.7,11179500.0,569388032
2026-02-05 00:30:00,50.71,50.82,50.03,50.575,10418100.0,524316992
2026-02-05 01:00:00,50.575,50.6,49.33,49.99,10675600.0,531257984
2026-02-05 01:30:00,49.99,50.12,48.998,49.064,9404420.0,467286016
2026-02-05 02:00:00,49.059,49.42,48.43,48.99,11152100.0,544587008
2026-02-05 02:30:00,48.99,49.468,48.66,49.42,8173100.0,399556992
2026-02-05 03:00:00,49.425,49.52,48.75,49.3,7955520.0,390353984
2026-02-05 03:30:00,49.3,49.567,48.935,49.525,8269000.0,406960992
2026-02-05 04:00:00,49.54,50.49,49.52,50.44,10341900.0,517684000
2026-02-05 04:30:00,50.44,50.51,49.9,50.15,6676950.0,334969984
2026-02-05 05:00:00,50.15,50.38,49.641,49.76,13928600.0,698612992
2026-02-05 23:00:00,48.87,49.53,47.7,48.4,39947200.0,1949110016
2026-02-05 23:30:00,48.4,48.61,47.1,47.26,21050200.0,1002739968
2026-02-06 00:00:00,47.26,47.98,47.11,47.59,14422700.0,683704000
2026-02-06 00:30:00,47.59,48.48,47.06,48.46,11703100.0,557979008
2026-02-06 01:00:00,48.46,48.91,48.16,48.757,10237400.0,497527008
2026-02-06 01:30:00,48.757,48.96,48.12,48.807,7789430.0,378076992
2026-02-06 02:00:00,48.807,49.1,48.4,48.475,5629610.0,274695008
2026-02-06 02:30:00,48.475,48.78,48.04,48.17,5237340.0,253383008
2026-02-06 03:00:00,48.17,48.41,47.75,47.98,4841740.0,232463008
2026-02-06 03:30:00,47.98,48.795,47.89,48.367,6192420.0,300096000
2026-02-06 04:00:00,48.367,48.367,47.815,48.045,5664660.0,272009984
2026-02-06 04:30:00,48.045,48.62,47.56,47.618,6232710.0,299651008
2026-02-06 05:00:00,47.618,47.83,47.19,47.64,19764200.0,924539008
2026-02-06 23:00:00,48.32,49.625,48.0,48.87,32120400.0,1568349952
2026-02-06 23:30:00,48.87,49.23,48.24,49.16,15485600.0,754193024
2026-02-07 00:00:00,49.16,49.49,48.68,49.12,13021700.0,639809024
2026-02-07 00:30:00,49.12,49.92,49.042,49.755,8534700.0,423257984
2026-02-07 01:00:00,49.75,50.017,49.59,49.725,6680400.0,332838016
2026-02-07 01:30:00,49.73,50.15,49.65,50.12,5599760.0,279523008
2026-02-07 02:00:00,50.12,50.345,49.93,50.258,5899120.0,296296000
2026-02-07 02:30:00,50.258,50.44,50.154,50.245,4586390.0,230376000
2026-02-07 03:00:00,50.245,50.36,50.196,50.22,2911670.0,146424000
2026-02-07 03:30:00,50.21,50.34,50.1,50.337,3107090.0,155851008
2026-02-07 04:00:00,50.337,50.35,50.13,50.13,3442350.0,172703008
2026-02-07 04:30:00,50.13,50.46,50.05,50.363,3679870.0,185167008
2026-02-07 05:00:00,50.36,51.005,50.31,50.59,12865600.0,650134016
2026-02-09 23:00:00,50.06,50.84,49.44,50.385,23639700.0,1187250048
2026-02-09 23:30:00,50.385,51.23,50.33,50.8,7182020.0,365844000
2026-02-10 00:00:00,50.795,51.67,50.785,51.58,5052080.0,259834000
2026-02-10 00:30:00,51.57,51.85,51.535,51.835,3413120.0,176882000
2026-02-10 01:00:00,51.835,52.13,51.743,52.045,3987800.0,207652992
2026-02-10 01:30:00,52.05,52.21,51.97,52.01,3274590.0,171248992
2026-02-10 02:00:00,52.01,52.1,51.81,51.83,3160470.0,164248992
2026-02-10 02:30:00,51.83,52.0,51.575,51.77,4011520.0,207844000
2026-02-10 03:00:00,51.765,52.04,51.69,51.92,2285680.0,118915000
2026-02-10 03:30:00,51.92,52.24,51.89,52.217,2681840.0,139875008
2026-02-10 04:00:00,52.217,52.27,52.09,52.095,2076250.0,108416000
2026-02-10 04:30:00,52.095,52.185,51.83,51.896,2270140.0,118302000
2026-02-10 05:00:00,51.882,52.06,51.71,51.74,8237620.0,419691008
2026-02-10 23:00:00,51.975,52.18,51.24,52.075,17728500.0,917380992
2026-02-10 23:30:00,52.07,52.4,51.86,52.129,8937030.0,466240000
2026-02-11 00:00:00,52.129,52.35,51.8,51.965,5589050.0,291311008
2026-02-11 00:30:00,51.965,52.11,51.7,51.817,4596520.0,238683008
2026-02-11 01:00:00,51.817,51.91,51.615,51.671,4597530.0,237836000
2026-02-11 01:30:00,51.67,52.029,51.54,51.92,3245140.0,168088992
2026-02-11 02:00:00,51.92,52.1,51.832,52.01,2089290.0,108622000
2026-02-11 02:30:00,52.015,52.02,51.44,51.465,3871020.0,200124992
2026-02-11 03:00:00,51.46,51.65,51.33,51.595,4573760.0,235356000
2026-02-11 03:30:00,51.59,51.65,51.36,51.505,2420430.0,124583000
2026-02-11 04:00:00,51.51,51.59,51.36,51.475,2190810.0,112721000
2026-02-11 04:30:00,51.475,51.49,51.17,51.23,3283430.0,168460000
2026-02-11 05:00:00,51.23,51.319,50.89,51.02,7538660.0,382695008
2026-02-11 23:00:00,52.22,52.5,51.44,51.53,24971600.0,1296960000
2026-02-11 23:30:00,51.54,51.76,50.042,50.15,13792900.0,698761024
2026-02-12 00:00:00,50.15,51.33,50.12,51.175,10978800.0,556500992
2026-02-12 00:30:00,51.175,51.357,50.8,50.86,6310050.0,322372000
2026-02-12 01:00:00,50.86,51.235,50.75,50.79,5100620.0,259763008
2026-02-12 01:30:00,50.79,51.49,50.55,51.445,5177080.0,264039008
2026-02-12 02:00:00,51.445,51.65,51.23,51.29,3335010.0,171540000
2026-02-12 02:30:00,51.29,51.38,50.92,51.37,3821130.0,195520000
2026-02-12 03:00:00,51.37,51.58,51.233,51.512,4424450.0,227360000
2026-02-12 03:30:00,51.51,51.87,51.255,51.796,4120890.0,212336992
2026-02-12 04:00:00,51.796,51.84,51.39,51.555,3291460.0,169671008
2026-02-12 04:30:00,51.555,51.64,51.402,51.405,1631110.0,84072496
2026-02-12 05:00:00,51.405,51.629,51.33,51.4,5438610.0,275631008
2026-02-12 23:00:00,51.79,52.07,50.825,50.95,17247900.0,890275008
2026-02-12 23:30:00,50.94,51.26,50.72,51.105,8975220.0,457324992
2026-02-13 00:00:00,51.105,51.223,49.73,49.75,10458300.0,525443008
2026-02-13 00:30:00,49.75,49.87,48.541,48.578,13343100.0,657049024
2026-02-13 01:00:00,48.58,49.2,48.5,48.947,14372100.0,704382976
2026-02-13 01:30:00,48.947,49.23,48.67,48.908,10052000.0,491592000
2026-02-13 02:00:00,48.9,49.33,48.61,48.62,6729940.0,329304000
2026-02-13 02:30:00,48.619,48.955,48.47,48.72,7227150.0,351667008
2026-02-13 03:00:00,48.71,49.25,48.61,49.105,6566160.0,321663008
2026-02-13 03:30:00,49.105,49.24,48.742,48.9,7019910.0,344489984
2026-02-13 04:00:00,48.895,49.337,48.895,49.05,6482260.0,319097984
2026-02-13 04:30:00,49.065,49.14,48.44,48.483,6060470.0,296247008
2026-02-13 05:00:00,48.483,48.668,47.99,48.26,16615400.0,796774976
2026-02-13 23:00:00,48.105,48.75,47.18,47.88,38925000.0,1870909952
2026-02-13 23:30:00,47.86,48.875,47.845,48.755,11101100.0,536819008
2026-02-14 00:00:00,48.76,49.23,48.0,48.52,10636000.0,517865984
2026-02-14 00:30:00,48.523,48.97,48.25,48.767,8361240.0,406844992
2026-02-14 01:00:00,48.76,49.25,48.525,49.015,6316250.0,309528000
2026-02-14 01:30:00,49.01,49.44,48.94,49.33,5460990.0,269030016
2026-02-14 02:00:00,49.33,49.58,49.23,49.265,4706750.0,233092000
2026-02-14 02:30:00,49.27,49.57,49.04,49.35,6975780.0,344340000
2026-02-14 03:00:00,49.365,49.593,49.18,49.28,4423640.0,218492992
2026-02-14 03:30:00,49.277,49.439,49.115,49.175,4120200.0,203248000
2026-02-14 04:00:00,49.175,49.32,48.74,48.76,5283250.0,259444000
2026-02-14 04:30:00,48.76,48.97,48.19,48.25,5509970.0,267916000
2026-02-14 05:00:00,48.259,48.511,48.06,48.47,11240700.0,539822016
2026-02-18 00:00:00,46.865,47.32,46.42,47.3,11765600.0,550753984
2026-02-18 00:30:00,47.3,48.44,47.255,48.035,10954800.0,527392992
2026-02-18 01:00:00,48.035,48.38,47.83,48.225,8025510.0,386864000
2026-02-18 01:30:00,48.225,48.255,47.69,48.19,6678660.0,320577984
2026-02-18 02:00:00,48.19,48.22,47.345,47.861,6962740.0,332520992
2026-02-18 02:30:00,47.861,48.36,47.58,48.27,5582000.0,267780992
2026-02-18 03:00:00,48.27,48.88,48.175,48.725,5240090.0,255440000
2026-02-18 03:30:00,48.725,48.85,48.62,48.672,3855000.0,188463008
2026-02-18 04:00:00,48.672,48.98,48.51,48.55,4019670.0,197183008
2026-02-18 04:30:00,48.55,48.71,48.265,48.305,3298820.0,160526000
2026-02-18 05:00:00,48.305,48.44,48.09,48.35,7121660.0,337180000
2026-02-18 23:00:00,48.35,49.38,48.2,49.292,22169600.0,1079549952
2026-02-18 23:30:00,49.292,50.05,49.27,49.95,9559950.0,476592992
2026-02-19 00:00:00,49.95,50.198,49.741,50.125,4912790.0,245767008
2026-02-19 00:30:00,50.125,50.29,50.07,50.165,2941260.0,147923008
2026-02-19 01:00:00,50.165,50.3,49.96,49.98,3956080.0,198020000
2026-02-19 01:30:00,49.98,50.36,49.97,50.145,3750340.0,188268000
2026-02-19 02:00:00,50.145,50.285,50.03,50.19,2242280.0,112422000
2026-02-19 02:30:00,50.19,50.36,49.925,50.0,2703620.0,135667008
2026-02-19 03:00:00,50.0,50.07,49.52,49.77,5120800.0,255250000
2026-02-19 03:30:00,49.77,49.835,49.55,49.58,3014950.0,149846000
2026-02-19 04:00:00,49.58,49.625,48.835,48.952,5727270.0,282084000
2026-02-19 04:30:00,48.952,49.18,48.8,48.915,5534540.0,271295008
2026-02-19 05:00:00,48.915,49.628,48.89,49.39,9737400.0,478507008
2026-02-19 23:00:00,48.661,49.18,48.255,48.94,20181400.0,983300992
2026-02-19 23:30:00,48.935,49.355,48.75,48.805,7744810.0,380031008
2026-02-20 00:00:00,48.8,49.309,48.76,49.18,5692010.0,279500000
2026-02-20 00:16:00,49.18,49.245,48.77,49.11,2842210.0,139364992
2026-02-20 00:30:00,49.18,49.4,48.77,48.9,6186990.0,304028000
2026-02-20 01:00:00,48.9,49.17,48.47,48.72,6651570.0,324681984
2026-02-20 01:30:00,48.72,49.07,48.53,48.815,4500210.0,219536992
2026-02-20 02:00:00,48.815,48.875,48.25,48.335,4655140.0,226042000
2026-02-20 02:30:00,48.335,48.69,48.16,48.395,5038380.0,243772000
2026-02-20 03:00:00,48.395,48.74,48.26,48.7,3894060.0,188803008
2026-02-20 03:30:00,48.7,48.741,48.425,48.505,2927790.0,142370000
2026-02-20 04:00:00,48.505,48.61,48.175,48.357,4685360.0,226527008
2026-02-20 04:30:00,48.357,48.58,48.32,48.38,4398290.0,213052000
2026-02-20 05:00:00,48.38,48.83,48.36,48.83,6891470.0,335272992
2026-02-20 23:00:00,47.965,49.38,47.76,49.01,22422800.0,1091539968
2026-02-20 23:30:00,49.01,50.11,48.81,49.48,20566900.0,1018320000
2026-02-21 00:00:00,49.48,50.38,49.108,50.335,10821800.0,539995008
2026-02-21 00:30:00,50.33,50.45,49.5,49.506,8126100.0,406919008
2026-02-21 01:00:00,49.5,50.396,49.45,50.2,6867160.0,343991008
2026-02-21 01:30:00,50.2,50.28,48.94,49.215,8063230.0,399156000
2026-02-21 02:00:00,49.215,49.885,49.13,49.849,9350840.0,462896000
2026-02-21 02:30:00,49.83,49.9,49.23,49.43,6820020.0,338260000
2026-02-21 03:00:00,49.43,50.34,49.22,50.208,9958470.0,497243008
2026-02-21 03:30:00,50.205,50.315,49.86,49.94,3528720.0,176924000
2026-02-21 04:00:00,49.94,50.08,49.74,49.76,2706850.0,135220000
2026-02-21 04:30:00,49.765,50.09,49.72,49.755,2629500.0,131312000
2026-02-21 05:00:00,49.755,50.06,49.74,50.06,6951410.0,343963008
2026-02-23 23:00:00,49.528,49.88,48.785,49.12,20718400.0,1022110016
2026-02-23 23:30:00,49.11,49.345,48.69,48.87,9313090.0,455651008
